{"gender": {"F": 0.5003702560937983, "M": 0.497994446158593, "Unknown": 0.0016352977476087626}, "region_category": {"City": 0.3451095340944153, "Town": 0.3809318111693922, "Unknown": 0.14677568651650724, "Village": 0.12718296821968528}, "membership_category": {"Basic Membership": 0.20796050601666152, "Gold Membership": 0.18309163838321504, "No Membership": 0.20867016352977477, "Platinum Membership": 0.11743289108299908, "Premium Membership": 0.11983955569268744, "Silver Membership": 0.16300524529466215}, "joined_through_referral": {"": 0.14770132675100278, "No": 0.4283245911755631, "Yes": 0.4239740820734341}, "preferred_offer_types": {"Credit/Debit Card Offers": 0.33107065720456647, "Gift Vouchers/Coupons": 0.3353286022832459, "Unknown": 0.007713668620796051, "Without Offers": 0.32588707189139154}, "medium_of_operation": {"": 0.14532551681579758, "Both": 0.10296204875038568, "Desktop": 0.37639617402036407, "Smartphone": 0.3753162604134526}, "internet_option": {"Fiber_Optic": 0.3310398025300833, "Mobile_Data": 0.3328910829990744, "Wi-Fi": 0.3360691144708423}, "used_special_discount": {"No": 0.45013884603517434, "Yes": 0.5498611539648257}, "offer_application_preference": {"No": 0.4470842332613391, "Yes": 0.5529157667386609}, "past_complaint": {"No": 0.5030546127738352, "Yes": 0.49694538722616477}, "complaint_status": {"No Information Available": 0.12354211663066955, "Not Applicable": 0.5030546127738352, "Solved": 0.12409750077136686, "Solved in Follow-up": 0.12366553532860228, "Unsolved": 0.12564023449552608}, "feedback": {"No reason specified": 0.1684048133292194, "Poor Customer Service": 0.1692995988892317, "Poor Product Quality": 0.1732181425485961, "Poor Website": 0.16852823202715211, "Products always in Stock": 0.037395865473619255, "Quality Customer Care": 0.03674791730947238, "Reasonable Price": 0.03869176180191299, "Too many ads": 0.1701018204257945, "User Friendly Website": 0.037611848195001546}}